id,first_name,last_name,email,gender,python_yn,interview_score,pandas_yn,state,highest_ed
1,Fidelio,Phittiplace,fphittiplace0@jalbum.net,Male,false,,false,PA,12
2,Percy,Gethins,pgethins1@wunderground.com,Male,false,2,true,CA,16
3,Wilden,Lacroutz,wlacroutz2@simplemachines.org,Genderfluid,true,7,true,NM,8
4,Woody,Davidesco,wdavidesco3@bloglovin.com,Male,true,5,true,AR,17
5,Daffy,Blinckhorne,dblinckhorne4@stanford.edu,Female,false,,true,OK,13
6,Rhody,Trenholme,rtrenholme5@biglobe.ne.jp,Female,true,10,false,IL,10
7,Jereme,Borrott,jborrott6@issuu.com,Male,true,2,true,CA,20
8,Terry,Bettesworth,tbettesworth7@i2i.jp,Male,true,3,true,TX,17
9,Carey,Govinlock,cgovinlock8@statcounter.com,Female,false,8,true,TX,14
10,Benedikta,Lindenberg,blindenberg9@geocities.com,Female,true,5,false,DE,6
11,Care,Torbard,ctorbarda@soundcloud.com,Male,true,6,true,OH,20
12,Morrie,Taylot,mtaylotb@constantcontact.com,Male,false,2,true,FL,6
13,Monroe,Turpie,mturpiec@yahoo.co.jp,Male,true,5,false,OR,16
14,Dom,O'Kielt,dokieltd@washington.edu,Male,true,3,false,MO,2
15,Celestina,Simonutti,csimonuttie@simplemachines.org,Female,true,3,true,FL,8
16,Tally,Baldam,tbaldamf@gravatar.com,Female,true,,true,OK,3
17,Burch,Carmo,bcarmog@example.com,Male,false,4,true,PA,12
18,Lynnea,Monier,lmonierh@plala.or.jp,Female,false,,true,OH,18
19,Dougie,Anstice,dansticei@trellian.com,Male,true,8,true,MA,6
20,Dru,Duham,dduhamj@tuttocitta.it,Male,false,,false,VA,14
21,Nettle,Rideout,nrideoutk@ed.gov,Female,false,,false,NV,16
22,Marleah,Flye,mflyel@si.edu,Female,false,7,false,TN,11
23,Rob,Nansom,rnansomm@irs.gov,Male,false,3,false,KY,10
24,Baudoin,Callendar,bcallendarn@house.gov,Male,true,,false,LA,14
25,Jennilee,Zima,jzimao@joomla.org,Female,false,9,false,OK,19
26,Herc,Merrigans,hmerrigansp@gov.uk,Male,true,6,false,FL,11
27,Evita,Summersby,esummersbyq@blogger.com,Non-binary,false,,true,CO,1
28,Jo,Pimme,jpimmer@time.com,Male,true,8,true,OK,4
29,Verna,Cartmell,vcartmells@spotify.com,Female,false,4,false,TX,13
30,Maribel,Shoebottom,mshoebottomt@yellowpages.com,Female,true,,true,TX,17
31,Ellswerth,Nichols,enicholsu@apache.org,Male,false,,false,NV,2
32,Randy,Gokes,rgokesv@twitter.com,Male,true,,false,WI,19
33,Nate,Ben,nbenw@cbslocal.com,Male,false,6,true,GA,5
34,Pam,Sugars,psugarsx@shop-pro.jp,Female,false,9,false,IL,8
35,Hermione,Cicconettii,hcicconettiiy@posterous.com,Female,true,,true,OH,6
36,Emeline,Fairclough,efaircloughz@house.gov,Female,false,3,true,IA,5
37,Gordie,Weth,gweth10@latimes.com,Male,false,3,false,NC,3
38,Carley,Rigden,crigden11@exblog.jp,Female,false,9,true,TX,16
39,Salli,Aucoate,saucoate12@google.cn,Female,true,,false,WA,7
40,Cynthia,Lomath,clomath13@woothemes.com,Female,true,,true,LA,11
41,Madlin,Keems,mkeems14@delicious.com,Female,false,4,true,TX,1
42,Vivie,Dabnor,vdabnor15@who.int,Female,false,9,true,MO,15
43,Lauraine,Waleworke,lwaleworke16@istockphoto.com,Female,false,,false,FL,7
44,Grenville,Vero,gvero17@diigo.com,Male,true,8,true,VA,16
45,Kiley,Marshall,kmarshall18@digg.com,Male,true,6,false,PA,6
46,Ariel,Diter,aditer19@imageshack.us,Male,false,4,false,MN,13
47,Lockwood,Preene,lpreene1a@dailymotion.com,Male,true,10,true,SC,9
48,Datha,Shelliday,dshelliday1b@simplemachines.org,Female,true,9,false,NY,10
49,Bran,Rhydderch,brhydderch1c@accuweather.com,Male,false,,false,OK,18
50,Tyson,Wynes,twynes1d@sitemeter.com,Male,true,9,true,IN,13
51,Shel,O'Mullally,somullally1e@aboutads.info,Female,false,10,false,CA,14
52,Helena,Habbes,hhabbes1f@nifty.com,Female,true,5,false,NY,3
53,Drusy,Feighney,dfeighney1g@youtu.be,Female,true,2,true,AZ,9
54,Benjy,Harvatt,bharvatt1h@usatoday.com,Genderqueer,true,3,true,NJ,5
55,Cassius,Colly,ccolly1i@deliciousdays.com,Male,true,4,false,TX,20
56,Rees,Tie,rtie1j@reference.com,Male,false,6,true,AZ,3
57,Kennith,Holme,kholme1k@state.tx.us,Male,true,6,false,MN,3
58,Hermione,Titmarsh,htitmarsh1l@youtube.com,Female,false,6,true,NJ,14
59,Adham,Carlan,acarlan1m@howstuffworks.com,Male,true,,false,OH,10
60,Gwyneth,Issacof,gissacof1n@aboutads.info,Female,true,6,false,IL,19
61,Pauli,Bausor,pbausor1o@yellowbook.com,Female,true,6,true,CA,7
62,Jolie,Shadrack,jshadrack1p@gnu.org,Female,false,4,true,CO,5
63,Vivian,Pendrid,vpendrid1q@surveymonkey.com,Female,false,2,true,NC,11
64,Carolyne,Goodhand,cgoodhand1r@last.fm,Female,false,2,false,IN,14
65,Layney,Overthrow,loverthrow1s@salon.com,Agender,false,4,true,TX,5
66,Katey,Bearham,kbearham1t@yahoo.com,Female,true,7,false,CA,16
67,Tristan,McGuinness,tmcguinness1u@slashdot.org,Male,false,4,false,DC,4
68,Griz,Devonport,gdevonport1v@com.com,Genderfluid,false,6,false,NY,15
69,Frederick,Mapstone,fmapstone1w@ucoz.com,Male,true,7,false,MO,1
70,Catie,Thorowgood,cthorowgood1x@bing.com,Female,true,,true,OH,12
71,Abdel,Meriguet,ameriguet1y@lycos.com,Male,true,5,true,VA,8
72,Patrice,Norheny,pnorheny1z@macromedia.com,Male,true,10,false,WV,2
73,Troy,Bruinemann,tbruinemann20@nbcnews.com,Genderfluid,true,2,true,MO,9
74,Gregory,Hastewell,ghastewell21@sakura.ne.jp,Male,false,,false,TX,16
75,Natty,Aldous,naldous22@cdc.gov,Female,false,9,false,WA,1
76,Brewster,Keri,bkeri23@wordpress.com,Male,true,1,false,NY,7
77,Blondelle,Scathard,bscathard24@comsenz.com,Female,true,,false,CA,4
78,Erich,Plane,eplane25@github.io,Male,false,3,true,TX,15
79,Tadd,Silverson,tsilverson26@live.com,Male,false,4,false,MO,2
80,Titus,Bednall,tbednall27@xing.com,Male,true,10,true,WY,16
81,Rikki,O'Dunneen,rodunneen28@bbb.org,Male,false,9,false,GA,7
82,Genia,McAvinchey,gmcavinchey29@adobe.com,Female,false,3,true,AL,17
83,Dinny,Grim,dgrim2a@networkadvertising.org,Female,false,4,true,NV,1
84,Jeramey,Martt,jmartt2b@alibaba.com,Male,false,1,false,PA,13
85,Melvyn,Fraine,mfraine2c@usnews.com,Agender,true,6,true,AR,11
86,Zebadiah,Spaight,zspaight2d@discovery.com,Male,true,4,true,MO,5
87,Samaria,Vasnev,svasnev2e@intel.com,Agender,false,3,false,NJ,18
88,Durand,Schruyers,dschruyers2f@dagondesign.com,Male,false,,true,PA,14
89,Adriaens,Melchior,amelchior2g@desdev.cn,Female,true,5,true,TX,10
90,Worthy,Quene,wquene2h@deliciousdays.com,Male,true,6,true,WA,5
91,Iris,Allday,iallday2i@nbcnews.com,Female,false,10,true,FL,12
92,Pace,Pett,ppett2j@usa.gov,Male,false,7,true,WA,10
93,Hannah,Salasar,hsalasar2k@reuters.com,Female,true,2,false,MI,13
94,Kylie,Dove,kdove2l@google.com.au,Female,true,2,true,MA,14
95,Sibley,Spirit,sspirit2m@house.gov,Female,true,1,true,WY,9
96,Virgie,Collough,vcollough2n@npr.org,Bigender,false,9,false,WI,18
97,Cedric,Feige,cfeige2o@acquirethisname.com,Male,false,2,true,GA,10
98,Bobbi,Connue,bconnue2p@jiathis.com,Female,true,,false,TX,14
99,Ewan,McRuvie,emcruvie2q@unblog.fr,Male,false,,true,CA,4
100,Meriel,Mullender,mmullender2r@weebly.com,Female,false,10,true,KS,20
101,Alfonse,Jerg,ajerg2s@who.int,Male,true,5,true,TX,13
102,Shell,Jellyman,sjellyman2t@aol.com,Female,false,6,true,NY,8
103,Ailis,McMonnies,amcmonnies2u@howstuffworks.com,Bigender,false,10,true,TN,4
104,Alma,O'Hone,aohone2v@google.de,Female,true,2,false,UT,3
105,Wilmer,Ixer,wixer2w@acquirethisname.com,Male,true,9,true,OH,17
106,Lucila,Piser,lpiser2x@wikia.com,Female,true,6,false,MI,1
107,Edouard,Meers,emeers2y@craigslist.org,Male,true,2,false,OH,11
108,Andre,Woolley,awoolley2z@eepurl.com,Male,true,3,false,TX,13
109,Morrie,Fookes,mfookes30@gmpg.org,Non-binary,false,7,true,UT,8
110,Tierney,McAndrew,tmcandrew31@dmoz.org,Female,true,,true,MN,20
111,Neilla,Duval,nduval32@youku.com,Polygender,false,7,false,AK,9
112,Amalee,Moorrud,amoorrud33@virginia.edu,Female,true,,false,TX,4
113,Davita,Alenikov,dalenikov34@twitpic.com,Non-binary,true,9,false,KS,15
114,Clayborne,Harkin,charkin35@yolasite.com,Male,false,9,false,CA,4
115,Lynda,McSparran,lmcsparran36@mit.edu,Female,false,1,true,TX,8
116,Mirella,Rix,mrix37@opensource.org,Female,false,8,true,GA,4
117,Selestina,Martinuzzi,smartinuzzi38@upenn.edu,Female,false,4,false,UT,12
118,Othelia,Voelker,ovoelker39@bloomberg.com,Female,true,4,true,MN,20
119,Krissy,Pollie,kpollie3a@sakura.ne.jp,Bigender,true,10,false,VA,14
120,Rici,Janko,rjanko3b@umich.edu,Female,true,,false,WA,3
121,Tisha,Jelphs,tjelphs3c@spiegel.de,Female,true,8,false,DC,8
122,Sammy,Leber,sleber3d@dedecms.com,Genderfluid,true,6,true,AZ,12
123,Barbara,Butten,bbutten3e@noaa.gov,Female,false,10,true,IL,7
124,Artemis,Faragan,afaragan3f@mlb.com,Male,false,10,true,TX,20
125,Riley,Lenoir,rlenoir3g@ow.ly,Male,false,,true,PA,4
126,Geoffry,Fontelles,gfontelles3h@xrea.com,Genderfluid,false,,true,CA,17
127,Edie,Inchan,einchan3i@dot.gov,Female,false,9,true,OH,12
128,Dorena,Bonevant,dbonevant3j@wufoo.com,Female,false,,true,FL,6
129,Alia,Waddington,awaddington3k@bloomberg.com,Female,true,7,true,CA,13
130,Lorine,Mitchenson,lmitchenson3l@google.cn,Female,false,9,true,CA,15
131,Oates,Jansens,ojansens3m@desdev.cn,Male,true,6,false,FL,3
132,Winnie,Giacomoni,wgiacomoni3n@a8.net,Male,false,2,false,FL,1
133,Shayne,Bodker,sbodker3o@bluehost.com,Polygender,true,7,true,OH,7
134,Brewster,Liddle,bliddle3p@archive.org,Genderqueer,false,1,false,TX,9
135,Carley,Longstreeth,clongstreeth3q@tamu.edu,Female,true,8,true,CA,16
136,Rosina,Gumbley,rgumbley3r@multiply.com,Female,false,5,true,FL,1
137,Barn,Fowls,bfowls3s@opera.com,Bigender,true,,true,CA,9
138,Fernandina,Chastand,fchastand3t@miibeian.gov.cn,Female,false,8,false,CA,16
139,Giustina,Verity,gverity3u@yellowpages.com,Female,true,5,true,NY,18
140,Lia,Gibke,lgibke3v@friendfeed.com,Female,true,4,false,WA,6
141,Veronica,Colliar,vcolliar3w@tripod.com,Female,false,6,true,NJ,6
142,Manuel,Gheraldi,mgheraldi3x@nytimes.com,Male,true,8,true,FL,16
143,Terence,Bowes,tbowes3y@nydailynews.com,Male,true,7,true,CA,5
144,Arvy,Guye,aguye3z@dedecms.com,Male,false,,false,DC,17
145,Teodorico,Ferrara,tferrara40@aboutads.info,Male,false,,false,OK,7
146,Dyanna,Winscomb,dwinscomb41@unesco.org,Female,false,8,false,WA,17
147,Loralie,Johns,ljohns42@feedburner.com,Female,true,6,false,FL,20
148,Malvina,Jewks,mjewks43@slashdot.org,Female,true,8,false,FL,10
149,Glynnis,De Morena,gdemorena44@sitemeter.com,Female,true,7,true,UT,1
150,Georgy,Straun,gstraun45@clickbank.net,Male,false,4,true,CA,1
151,Claudine,Philott,cphilott46@imageshack.us,Female,true,6,true,TX,14
152,Orv,Rubertelli,orubertelli47@seesaa.net,Male,true,7,true,FL,18
153,Sile,Yesichev,syesichev48@theguardian.com,Female,false,4,true,LA,1
154,Isabella,Sutterfield,isutterfield49@businessinsider.com,Female,false,5,true,TX,12
155,Petronella,Hanby,phanby4a@nifty.com,Non-binary,false,8,false,FL,4
156,Bank,Nutbeam,bnutbeam4b@techcrunch.com,Male,true,5,true,TX,20
157,Daune,Frow,dfrow4c@jugem.jp,Agender,false,5,false,CA,17
158,Clareta,Trowbridge,ctrowbridge4d@cloudflare.com,Female,true,3,false,CO,10
159,Lissy,Kalinsky,lkalinsky4e@myspace.com,Female,false,9,false,CA,13
160,Randi,Wilkison,rwilkison4f@addthis.com,Female,false,3,false,HI,10
161,Yank,Schwandner,yschwandner4g@rakuten.co.jp,Male,false,,true,MN,5
162,Ode,Franek,ofranek4h@alexa.com,Male,true,10,false,VA,7
163,Ernest,Collop,ecollop4i@is.gd,Agender,true,,false,WA,12
164,Abbot,Furlong,afurlong4j@weebly.com,Male,false,8,true,CT,8
165,Bartlet,Stud,bstud4k@lulu.com,Male,true,,true,NC,19
166,Micki,Marsters,mmarsters4l@istockphoto.com,Female,false,1,false,WI,10
167,Kaleb,Blundel,kblundel4m@seesaa.net,Male,true,4,false,OK,18
168,Goddart,Barkes,gbarkes4n@amazon.co.jp,Male,true,1,true,CA,3
169,Roz,Cluely,rcluely4o@shop-pro.jp,Female,true,,false,IN,20
170,Paton,Print,pprint4p@rambler.ru,Male,false,3,false,OH,8
171,Priscilla,Shorto,pshorto4q@examiner.com,Female,true,10,false,TX,19
172,Rustie,Arpe,rarpe4r@so-net.ne.jp,Male,false,6,false,TX,3
173,Hailee,Robart,hrobart4s@slideshare.net,Female,true,7,true,TX,16
174,Pavia,Leate,pleate4t@fotki.com,Female,true,1,true,FL,11
175,Bobby,Bellenie,bbellenie4u@icq.com,Female,false,1,false,TX,6
176,Carolyne,Liddle,cliddle4v@vimeo.com,Female,false,,false,IN,2
177,Mattheus,Sextie,msextie4w@ucoz.com,Male,true,9,false,CA,3
178,Brandi,Marousek,bmarousek4x@yellowpages.com,Female,false,8,true,CA,3
179,Andy,Dewar,adewar4y@fastcompany.com,Female,true,6,true,TX,11
180,Bobbe,Bramich,bbramich4z@techcrunch.com,Female,false,,true,NY,13
181,Brose,Hardaway,bhardaway50@stumbleupon.com,Male,true,10,true,TX,15
182,Craggie,Swinney,cswinney51@goo.ne.jp,Male,false,2,false,AK,18
183,Hestia,Savege,hsavege52@marriott.com,Female,false,1,true,AZ,14
184,Lauraine,Wabey,lwabey53@accuweather.com,Female,true,2,false,FL,5
185,Decca,Makiver,dmakiver54@nasa.gov,Male,false,6,false,NJ,9
186,Theresita,Wann,twann55@google.ca,Female,false,8,false,KS,4
187,Luciana,Griffith,lgriffith56@usda.gov,Female,false,5,true,AK,19
188,Kimball,Wreiford,kwreiford57@vk.com,Male,true,7,true,KY,8
189,Ileana,Ruppert,iruppert58@gov.uk,Female,false,5,true,TX,7
190,Hali,Allsupp,hallsupp59@ucla.edu,Female,true,8,true,CA,7
191,Gracia,Hayland,ghayland5a@weebly.com,Female,true,4,false,TX,11
192,Wendell,Zoppie,wzoppie5b@list-manage.com,Male,true,10,false,KY,5
193,Rupert,Petzold,rpetzold5c@bigcartel.com,Male,false,1,false,CO,19
194,Herbert,Getcliffe,hgetcliffe5d@vimeo.com,Male,true,10,false,TX,12
195,Bob,Skippings,bskippings5e@gravatar.com,Male,true,7,true,IN,9
196,Bobbee,Vanichkin,bvanichkin5f@nature.com,Female,false,,true,NC,7
197,Eudora,Tschirasche,etschirasche5g@craigslist.org,Female,true,,true,TX,10
198,Rowney,Kinvig,rkinvig5h@163.com,Male,false,,false,OK,17
199,Klaus,Benardette,kbenardette5i@wiley.com,Male,true,1,false,IL,14
200,Modesta,Loakes,mloakes5j@archive.org,Female,false,,false,MI,19
201,Abran,Barthrop,abarthrop5k@nih.gov,Agender,false,,true,AR,14
202,Izabel,Sleeman,isleeman5l@comsenz.com,Female,true,10,false,MO,4
203,Ophelia,Tremayne,otremayne5m@amazon.co.uk,Female,true,9,true,TX,5
204,Neille,Ollerton,nollerton5n@odnoklassniki.ru,Female,true,7,true,DC,14
205,Candida,Kingzet,ckingzet5o@privacy.gov.au,Female,false,,true,KY,1
206,Nehemiah,Start,nstart5p@yahoo.com,Male,false,4,true,NY,13
207,Vanny,Dechelette,vdechelette5q@instagram.com,Female,true,10,true,TX,10
208,Cedric,Goodbairn,cgoodbairn5r@hugedomains.com,Male,true,10,true,OH,20
209,Elmo,Bonus,ebonus5s@wufoo.com,Male,true,10,false,CA,2
210,Gabrila,Lanmeid,glanmeid5t@pagesperso-orange.fr,Bigender,true,2,true,MA,12
211,Robin,Stichel,rstichel5u@amazon.co.jp,Male,false,7,false,CT,1
212,Darb,Packham,dpackham5v@twitter.com,Male,true,3,false,VA,10
213,Lonnie,Koppke,lkoppke5w@noaa.gov,Male,false,8,true,OK,10
214,Bryn,Duplain,bduplain5x@craigslist.org,Female,false,5,true,MO,4
215,Marwin,Anthoney,manthoney5y@stumbleupon.com,Male,false,,true,TX,19
216,Charlena,Milnes,cmilnes5z@fda.gov,Female,false,9,false,MI,2
217,Purcell,Hempshall,phempshall60@forbes.com,Male,true,2,true,CA,12
218,Madelle,Amos,mamos61@etsy.com,Female,true,1,false,WA,19
219,Milicent,Beinisch,mbeinisch62@dot.gov,Female,false,2,true,NE,6
220,Berty,Allsobrook,ballsobrook63@virginia.edu,Male,false,9,false,NC,6
221,Sebastien,Andriesse,sandriesse64@xrea.com,Male,false,6,true,AZ,18
222,Corene,Oosthout de Vree,coosthoutdevree65@drupal.org,Female,true,5,false,VA,18
223,Husain,Grigorey,hgrigorey66@posterous.com,Bigender,false,4,false,MO,7
224,Sigmund,Brayshay,sbrayshay67@washington.edu,Male,false,7,false,FL,18
225,Vittoria,Macartney,vmacartney68@ameblo.jp,Female,true,,false,MO,20
226,Adela,McSperrin,amcsperrin69@earthlink.net,Agender,true,9,false,CA,12
227,Carin,McNirlan,cmcnirlan6a@1und1.de,Female,true,9,false,IN,19
228,Fallon,Hobson,fhobson6b@hibu.com,Female,true,9,true,GA,9
229,Liv,Costard,lcostard6c@live.com,Female,true,7,true,KY,16
230,Rip,Elliman,relliman6d@netscape.com,Male,false,4,true,UT,18
231,Malcolm,Siebert,msiebert6e@slideshare.net,Male,true,,false,FL,19
232,Norina,Dami,ndami6f@51.la,Female,true,8,false,MO,8
233,Umberto,Whittenbury,uwhittenbury6g@discovery.com,Male,true,2,false,OH,3
234,Jilleen,Bails,jbails6h@infoseek.co.jp,Female,true,10,false,NH,16
235,Lynnell,Semeniuk,lsemeniuk6i@telegraph.co.uk,Female,false,9,false,NY,18
236,Jessey,Dinwoodie,jdinwoodie6j@cyberchimps.com,Male,false,9,false,WA,15
237,Ninnette,Mourge,nmourge6k@creativecommons.org,Female,true,1,true,DC,11
238,Bryna,Adamo,badamo6l@prlog.org,Female,true,2,true,WI,12
239,Laurianne,Doig,ldoig6m@bizjournals.com,Female,false,3,false,TX,15
240,Nissy,Carden,ncarden6n@aboutads.info,Female,true,,true,FL,14
241,Eleni,Roakes,eroakes6o@hatena.ne.jp,Female,true,9,false,IA,13
242,Dugald,Baudins,dbaudins6p@altervista.org,Male,false,2,true,WA,2
243,Lynett,Pynn,lpynn6q@oracle.com,Female,true,9,true,NC,17
244,Liesa,Rogez,lrogez6r@cloudflare.com,Female,false,2,false,AZ,10
245,Freemon,Mosdall,fmosdall6s@youku.com,Male,true,8,false,CO,10
246,Dotty,Wolverson,dwolverson6t@apple.com,Genderfluid,true,,true,FL,9
247,Aundrea,Gillanders,agillanders6u@omniture.com,Genderqueer,true,7,true,FL,15
248,Devina,Naisey,dnaisey6v@newsvine.com,Female,false,3,false,MD,3
249,Calvin,Whorlow,cwhorlow6w@dyndns.org,Male,true,1,false,MO,7
250,Melisse,Tape,mtape6x@csmonitor.com,Female,false,,false,GA,9
251,Allie,Saphir,asaphir6y@naver.com,Male,true,2,false,MA,7
252,Vittorio,Spuffard,vspuffard6z@engadget.com,Male,true,10,false,NV,15
253,Delly,Weare,dweare70@youtube.com,Female,true,8,true,GA,7
254,Teri,Dollard,tdollard71@edublogs.org,Female,false,3,false,IL,15
255,Waylen,Tarquinio,wtarquinio72@studiopress.com,Male,false,,false,NY,7
256,Chantalle,Collinge,ccollinge73@examiner.com,Bigender,false,5,false,UT,1
257,Leodora,Pape,lpape74@nature.com,Female,true,10,false,WV,19
258,Euphemia,McLean,emclean75@domainmarket.com,Female,true,1,true,LA,3
259,Wileen,Newcomb,wnewcomb76@dell.com,Female,true,7,true,CA,13
260,Vivi,Giraudoux,vgiraudoux77@taobao.com,Female,true,7,false,AL,19
261,Stavros,Faveryear,sfaveryear78@about.com,Male,true,10,false,NC,6
262,Ada,O'Gormley,aogormley79@amazon.com,Non-binary,true,,true,SC,15
263,Vally,Ferron,vferron7a@i2i.jp,Female,true,6,true,CA,2
264,Adan,Baltzar,abaltzar7b@comsenz.com,Male,false,10,false,MI,4
265,Ellerey,Leidl,eleidl7c@nps.gov,Male,false,2,false,VA,18
266,Grover,Dalgarnocht,gdalgarnocht7d@cdc.gov,Male,true,10,true,KY,7
267,Farrand,Andrea,fandrea7e@ustream.tv,Non-binary,true,10,true,MD,3
268,Cornie,Teodori,cteodori7f@themeforest.net,Female,true,,false,AR,2
269,Philbert,D'Costa,pdcosta7g@house.gov,Male,false,9,false,NY,2
270,Ediva,Keijser,ekeijser7h@pbs.org,Female,false,6,true,OH,20
271,Sula,Killingbeck,skillingbeck7i@google.co.jp,Female,false,,true,NJ,6
272,Rozanne,Korf,rkorf7j@lulu.com,Agender,true,1,true,GA,20
273,Caroline,Burgane,cburgane7k@mail.ru,Female,true,2,true,NY,15
274,Marin,Aleksidze,maleksidze7l@tumblr.com,Female,true,8,true,WI,2
275,Ayn,Haryngton,aharyngton7m@japanpost.jp,Female,false,3,false,IN,7
276,Faustina,Morratt,fmorratt7n@deviantart.com,Female,true,2,false,CA,14
277,Standford,Melsome,smelsome7o@marriott.com,Male,false,3,false,OH,14
278,Harrietta,Withrop,hwithrop7p@taobao.com,Female,true,3,true,NJ,11
279,Gigi,Jovovic,gjovovic7q@examiner.com,Female,false,2,false,NY,20
280,Jana,Buret,jburet7r@scribd.com,Female,false,2,false,TX,14
281,Correna,Walker,cwalker7s@mysql.com,Female,true,5,true,AZ,9
282,Harald,Erangy,herangy7t@patch.com,Male,false,6,false,SC,18
283,Grissel,Sambidge,gsambidge7u@theglobeandmail.com,Female,false,,true,KS,11
284,Sabine,Anthiftle,santhiftle7v@storify.com,Female,false,9,true,MN,4
285,Carlin,Bridgeman,cbridgeman7w@wikia.com,Male,false,10,true,MO,19
286,Reamonn,Jerrand,rjerrand7x@ovh.net,Male,false,6,false,MN,5
287,Latisha,Uppett,luppett7y@google.com.hk,Female,false,6,true,VA,17
288,Burlie,Barhams,bbarhams7z@hibu.com,Male,true,2,false,IN,2
289,Marion,Goldwater,mgoldwater80@prlog.org,Male,false,10,true,CA,3
290,Costa,Rassmann,crassmann81@quantcast.com,Male,false,,true,WV,8
291,Nikos,Pressey,npressey82@smh.com.au,Male,false,3,false,AL,4
292,Saw,Gillogley,sgillogley83@tinyurl.com,Male,false,,false,VA,2
293,Boy,Gallienne,bgallienne84@friendfeed.com,Male,false,,false,TX,9
294,Albie,Allbones,aallbones85@dot.gov,Male,true,,true,FL,9
295,Christin,Lorenzetto,clorenzetto86@google.co.jp,Female,false,8,true,TX,18
296,Solly,Berrecloth,sberrecloth87@cbsnews.com,Male,false,4,true,NY,11
297,Carree,Haggish,chaggish88@aol.com,Female,false,,true,CA,16
298,Enrichetta,Vickerstaff,evickerstaff89@163.com,Female,true,8,false,FL,7
299,Rosalynd,Buckel,rbuckel8a@cafepress.com,Female,false,10,true,TX,5
300,Gaven,Robathon,grobathon8b@ft.com,Male,true,2,false,IA,12
301,Mervin,Springham,mspringham8c@symantec.com,Male,false,5,true,IL,18
302,Beret,Parratt,bparratt8d@elegantthemes.com,Female,true,,false,IL,15
303,Beverlee,Lanchester,blanchester8e@google.co.jp,Female,false,6,true,NC,7
304,Davita,Chue,dchue8f@amazon.de,Female,true,9,true,UT,8
305,Nikoletta,Pleager,npleager8g@webmd.com,Female,true,,true,MI,1
306,Mortimer,Mottley,mmottley8h@quantcast.com,Male,false,,true,OK,16
307,Clemmy,McPhaden,cmcphaden8i@fema.gov,Agender,true,,false,DC,7
308,Dennie,Burdikin,dburdikin8j@hud.gov,Genderqueer,false,4,false,FL,13
309,Jarvis,Philippon,jphilippon8k@guardian.co.uk,Agender,false,6,true,CA,3
310,Phylis,Tilt,ptilt8l@tuttocitta.it,Female,true,4,false,TX,13
311,Sharl,Spowage,sspowage8m@tmall.com,Female,true,4,false,KY,15
312,Erin,Naden,enaden8n@usatoday.com,Female,true,,false,FL,7
313,Jen,Gwyther,jgwyther8o@imageshack.us,Genderqueer,false,,false,NV,6
314,Karalee,Handling,khandling8p@rakuten.co.jp,Female,true,1,false,NY,11
315,Fredek,Breydin,fbreydin8q@sun.com,Male,true,1,true,MN,8
316,Nickolai,Gluyas,ngluyas8r@so-net.ne.jp,Male,true,2,false,CA,13
317,Adorne,Impson,aimpson8s@bloglovin.com,Female,false,,true,WA,11
318,Ericha,Gino,egino8t@over-blog.com,Female,false,,true,AZ,20
319,Marika,Plampin,mplampin8u@weather.com,Female,false,,false,PA,18
320,Delmore,Dunkerley,ddunkerley8v@mashable.com,Male,false,,true,OH,10
321,Moll,Rasmus,mrasmus8w@intel.com,Female,false,2,true,NY,7
322,Marci,Greenless,mgreenless8x@booking.com,Female,true,,true,TX,5
323,Tootsie,McKeefry,tmckeefry8y@newyorker.com,Female,true,4,true,TX,1
324,Leroi,Easlea,leaslea8z@sciencedaily.com,Male,true,5,false,CA,2
325,Gael,Jaher,gjaher90@examiner.com,Male,false,8,true,TX,16
326,Codi,Donohue,cdonohue91@addtoany.com,Female,false,6,true,CA,13
327,Andrej,Fellenor,afellenor92@businessweek.com,Male,false,5,false,CA,5
328,Lammond,Cess,lcess93@unc.edu,Male,true,1,true,IL,6
329,Franciskus,Betty,fbetty94@blinklist.com,Male,true,1,false,TX,3
330,Emmye,Dransfield,edransfield95@bravesites.com,Female,false,9,true,NC,6
331,Guinevere,Jentle,gjentle96@adobe.com,Female,true,,true,FL,11
332,Dani,Dupree,ddupree97@twitter.com,Female,true,4,false,IN,18
333,Darren,Puddan,dpuddan98@cyberchimps.com,Male,false,4,false,TX,4
334,Klarrisa,Wilkin,kwilkin99@bloglines.com,Female,false,8,false,NE,7
335,Antin,Dainter,adainter9a@yahoo.co.jp,Male,true,7,false,IN,4
336,Charmaine,Hillaby,chillaby9b@bing.com,Female,false,1,false,NJ,10
337,Ralina,Durtnal,rdurtnal9c@businessinsider.com,Genderfluid,true,8,false,WA,4
338,Marcela,Bridgett,mbridgett9d@statcounter.com,Female,true,,true,TX,16
339,Aggy,Bussell,abussell9e@paginegialle.it,Female,false,8,true,VA,8
340,Sharon,Sabater,ssabater9f@reverbnation.com,Female,true,8,false,VA,19
341,Red,Maneylaws,rmaneylaws9g@webmd.com,Male,true,4,true,CA,5
342,Kelvin,MacAulay,kmacaulay9h@stumbleupon.com,Male,true,5,false,CA,3
343,Ernesta,Nickerson,enickerson9i@barnesandnoble.com,Female,true,8,true,AZ,6
344,Rozamond,Dimitriou,rdimitriou9j@timesonline.co.uk,Female,false,7,true,CA,16
345,Bartholomeus,Andries,bandries9k@springer.com,Male,false,6,true,MD,19
346,Nina,Waltho,nwaltho9l@scribd.com,Female,false,9,true,IN,14
347,Ariadne,Delort,adelort9m@hp.com,Female,false,,false,FL,9
348,Sinclair,Bow,sbow9n@statcounter.com,Genderqueer,false,4,true,WA,4
349,Verena,McIlrath,vmcilrath9o@utexas.edu,Female,false,6,true,CO,12
350,Deonne,Dyka,ddyka9p@smugmug.com,Female,true,8,false,NE,16
351,Lilli,Prinnett,lprinnett9q@bloglovin.com,Female,false,4,false,NY,2
352,Reynolds,Woolaghan,rwoolaghan9r@w3.org,Male,true,7,false,CA,6
353,Abner,Maddie,amaddie9s@unblog.fr,Polygender,false,,true,IL,8
354,Tiebold,Garford,tgarford9t@miitbeian.gov.cn,Male,true,10,false,FL,20
355,Saunder,Gantzer,sgantzer9u@shutterfly.com,Genderfluid,false,5,true,NY,19
356,Marcos,Jillions,mjillions9v@php.net,Male,true,6,false,CA,17
357,Nicko,Minihane,nminihane9w@canalblog.com,Male,false,4,true,CA,5
358,Brit,Wreford,bwreford9x@tripadvisor.com,Male,false,7,true,TN,17
359,Morty,Willatts,mwillatts9y@youtu.be,Male,true,9,false,FL,1
360,Charles,McAnalley,cmcanalley9z@weebly.com,Male,false,8,true,GA,15
361,Louisa,Hubbucks,lhubbucksa0@npr.org,Female,true,1,true,DC,8
362,Brittany,Gillespie,bgillespiea1@mashable.com,Female,true,,false,MO,5
363,Timmie,Brocks,tbrocksa2@delicious.com,Bigender,true,5,true,OH,8
364,Yanaton,Yeowell,yyeowella3@meetup.com,Male,true,,true,FL,3
365,Gregoire,Gorthy,ggorthya4@xinhuanet.com,Male,true,3,false,NC,15
366,Cathleen,Slemmonds,cslemmondsa5@eventbrite.com,Female,false,4,true,LA,20
367,Reade,Bontein,rbonteina6@qq.com,Male,true,,true,VA,19
368,Elayne,Wabersich,ewabersicha7@a8.net,Female,true,5,false,TX,13
369,Zulema,Snalom,zsnaloma8@tamu.edu,Female,false,,false,DE,1
370,Pippa,Naper,pnapera9@drupal.org,Female,true,,true,KY,1
371,Andrey,Orsi,aorsiaa@free.fr,Male,true,,false,VA,20
372,Grazia,Kohen,gkohenab@dagondesign.com,Female,true,4,true,TN,18
373,Reginald,Farren,rfarrenac@kickstarter.com,Male,true,10,false,CA,13
374,Brennen,Thomerson,bthomersonad@google.co.jp,Male,true,,false,WI,5
375,Markus,Pepperill,mpepperillae@chronoengine.com,Male,true,,false,PA,11
376,Krishna,Charte,kcharteaf@t.co,Male,true,2,false,GA,16
377,Cherilyn,Ellin,cellinag@clickbank.net,Female,true,1,false,CO,12
378,Margaret,Racher,mracherah@epa.gov,Female,true,5,false,CA,13
379,Basilius,Rime,brimeai@weibo.com,Male,false,6,true,HI,7
380,Averell,Cleynaert,acleynaertaj@friendfeed.com,Male,false,7,false,TX,2
381,Aleen,Roizin,aroizinak@linkedin.com,Female,false,6,false,TX,4
382,Marcela,McIlrath,mmcilrathal@tinyurl.com,Female,true,7,false,DC,1
383,Zelma,Clarage,zclarageam@soundcloud.com,Genderqueer,true,4,false,TN,13
384,Lita,Reddyhoff,lreddyhoffan@arizona.edu,Female,true,2,false,WI,2
385,Eben,De Bruyn,edebruynao@arizona.edu,Male,true,8,true,VA,5
386,Ephrayim,Lamkin,elamkinap@ehow.com,Male,true,8,false,NY,11
387,Ethelbert,Callendar,ecallendaraq@miitbeian.gov.cn,Male,true,2,false,CA,9
388,Tuck,Fittis,tfittisar@earthlink.net,Male,true,5,true,OK,9
389,Meir,Huxter,mhuxteras@cdbaby.com,Non-binary,false,,false,TX,18
390,Regan,Van Weedenburg,rvanweedenburgat@wikia.com,Male,false,2,false,CA,6
391,Latrena,Zettler,lzettlerau@domainmarket.com,Female,false,5,false,TX,17
392,Zaria,Vickar,zvickarav@cnn.com,Female,false,,true,OR,16
393,Meghann,O'Cahill,mocahillaw@google.com.au,Female,false,2,true,IL,4
394,Nikki,Rogan,nroganax@nhs.uk,Female,false,1,false,NY,14
395,Nancey,Letertre,nletertreay@sina.com.cn,Female,true,4,false,MI,8
396,Rayna,De Moreno,rdemorenoaz@scribd.com,Genderqueer,false,,false,CO,4
397,Lizbeth,Candish,lcandishb0@slashdot.org,Female,false,1,false,GA,5
398,Englebert,Stranaghan,estranaghanb1@hc360.com,Male,true,3,true,FL,11
399,Darrel,Tuttiett,dtuttiettb2@quantcast.com,Male,true,3,false,CO,4
400,Florence,Beckford,fbeckfordb3@psu.edu,Female,true,7,true,DC,18
401,Merle,Mathieson,mmathiesonb4@netvibes.com,Male,true,9,false,NM,20
402,Florence,Swannell,fswannellb5@zimbio.com,Female,true,,true,WA,12
403,Cheston,Tuite,ctuiteb6@state.gov,Male,true,3,true,MO,17
404,Codi,Veillard,cveillardb7@google.it,Male,true,10,true,KY,2
405,Cort,Brower,cbrowerb8@wp.com,Bigender,true,,false,FL,19
406,Zebadiah,Hawkeswood,zhawkeswoodb9@china.com.cn,Male,true,4,false,NH,14
407,Jackie,Pitkin,jpitkinba@newyorker.com,Male,true,3,false,WI,13
408,Nelly,Tebbett,ntebbettbb@examiner.com,Female,false,6,true,TX,14
409,Gaylord,Charrette,gcharrettebc@angelfire.com,Male,false,1,false,CA,6
410,Susan,Yuryatin,syuryatinbd@aboutads.info,Agender,true,2,false,ND,17
411,Romy,Cramer,rcramerbe@home.pl,Polygender,false,8,true,NC,9
412,Wat,Cleaves,wcleavesbf@tuttocitta.it,Male,true,,true,TX,1
413,Nollie,Hussy,nhussybg@admin.ch,Female,false,6,true,LA,17
414,Obie,Thebe,othebebh@uiuc.edu,Male,false,4,true,NY,10
415,Cad,Bromby,cbrombybi@theglobeandmail.com,Male,true,,false,IL,16
416,Emily,Heathcott,eheathcottbj@free.fr,Female,false,8,false,NY,14
417,Vin,Sparkwill,vsparkwillbk@usgs.gov,Male,false,,true,NY,12
418,Ludovico,Ickovicz,lickoviczbl@blog.com,Male,false,5,false,PA,17
419,Rodger,McGaughay,rmcgaughaybm@accuweather.com,Male,true,,true,TX,2
420,Boyd,Pickthorne,bpickthornebn@scientificamerican.com,Male,false,6,false,CA,7
421,Brooks,Bessett,bbessettbo@bigcartel.com,Female,true,7,true,FL,1
422,Cort,Corrington,ccorringtonbp@spiegel.de,Male,true,6,false,AL,8
423,Nelly,Oloman,nolomanbq@china.com.cn,Female,false,7,true,NC,17
424,Hank,Cammish,hcammishbr@smugmug.com,Male,false,9,true,WA,5
425,Peg,Chiverstone,pchiverstonebs@usatoday.com,Female,true,1,true,FL,16
426,Freemon,Munning,fmunningbt@ustream.tv,Male,true,2,false,GA,7
427,Meghann,Daniell,mdaniellbu@mapy.cz,Female,true,4,true,CA,8
428,Fergus,Henworth,fhenworthbv@fotki.com,Non-binary,true,4,true,TN,1
429,Arlee,Heisman,aheismanbw@nsw.gov.au,Female,false,5,false,CA,20
430,Foster,Chaffey,fchaffeybx@facebook.com,Male,false,10,false,PA,14
431,Anatollo,Cubbit,acubbitby@canalblog.com,Genderqueer,true,7,true,VA,17
432,Nikolos,Dooney,ndooneybz@usgs.gov,Male,true,3,false,FL,19
433,Harmonia,Fonteyne,hfonteynec0@cbc.ca,Female,true,5,true,MS,10
434,Eleonore,Iffland,eifflandc1@ezinearticles.com,Female,false,2,true,IN,1
435,Benji,Sebring,bsebringc2@seattletimes.com,Male,false,9,false,PA,14
436,Zena,Broader,zbroaderc3@etsy.com,Female,true,,false,OK,17
437,Mathian,Milne,mmilnec4@theguardian.com,Polygender,false,7,true,CA,15
438,Ewart,Banisch,ebanischc5@comcast.net,Male,true,5,true,NY,3
439,Amandie,Fulham,afulhamc6@usa.gov,Female,true,8,true,MA,10
440,Rubie,Riggs,rriggsc7@diigo.com,Female,true,9,false,WV,4
441,Chrissy,Atherley,catherleyc8@biblegateway.com,Female,false,2,false,WV,10
442,Armando,Willstrop,awillstropc9@google.com.hk,Male,false,5,false,KS,13
443,Dinny,McGrirl,dmcgrirlca@tmall.com,Female,true,2,true,FL,11
444,Julian,Treleven,jtrelevencb@drupal.org,Male,true,7,true,WV,6
445,Shandee,Toomer,stoomercc@hexun.com,Female,false,6,true,KS,2
446,Hal,Huckfield,hhuckfieldcd@pcworld.com,Male,true,8,false,NV,6
447,Gianni,Conford,gconfordce@amazonaws.com,Male,false,2,true,FL,15
448,Ashla,Strapp,astrappcf@miibeian.gov.cn,Female,false,,false,KS,18
449,Oates,Worvell,oworvellcg@unicef.org,Male,false,7,false,NY,12
450,Matthus,Thridgould,mthridgouldch@engadget.com,Male,false,6,true,TN,6
451,Wilow,Ousbie,wousbieci@pen.io,Bigender,true,7,false,MD,1
452,Jelene,Unitt,junittcj@about.me,Female,false,4,false,WI,18
453,Margeaux,Forst,mforstck@weather.com,Female,false,1,false,MN,6
454,Abbie,Le Friec,alefrieccl@msn.com,Male,false,6,false,CO,12
455,Bernadine,Leney,bleneycm@opera.com,Female,false,5,true,CA,11
456,Skipton,Relfe,srelfecn@blogs.com,Male,false,10,true,WV,7
457,Tore,Damper,tdamperco@cam.ac.uk,Male,false,4,true,PA,20
458,Kariotta,Kabos,kkaboscp@wix.com,Female,false,,true,IA,13
459,Archer,Leupold,aleupoldcq@pcworld.com,Male,true,6,true,CA,12
460,Steward,Pocklington,spocklingtoncr@yellowpages.com,Male,true,,true,FL,8
461,Caryl,Camous,ccamouscs@gov.uk,Female,false,5,true,TX,18
462,Ajay,Bess,abessct@webeden.co.uk,Female,false,,false,NV,2
463,Seymour,Priden,spridencu@europa.eu,Non-binary,false,6,true,AZ,11
464,Hunfredo,Keuning,hkeuningcv@java.com,Male,true,3,true,VA,20
465,Bridget,McWhinnie,bmcwhinniecw@ebay.com,Female,true,3,false,VA,7
466,Chic,Raith,craithcx@columbia.edu,Male,true,6,true,NJ,12
467,Gennifer,Shipsey,gshipseycy@privacy.gov.au,Female,false,10,true,MI,5
468,Harrison,Sherwill,hsherwillcz@squarespace.com,Male,false,,true,VA,7
469,Hermon,Burnside,hburnsided0@odnoklassniki.ru,Male,true,5,true,OH,19
470,Aldwin,Lamanby,alamanbyd1@posterous.com,Male,false,8,true,IA,6
471,Faina,Grigor,fgrigord2@bbc.co.uk,Female,false,1,true,DC,19
472,Hobie,Kinnerley,hkinnerleyd3@deliciousdays.com,Male,false,3,false,NY,12
473,Brockie,Jordanson,bjordansond4@who.int,Male,false,,false,VA,1
474,Ezra,Skein,eskeind5@yolasite.com,Male,true,10,true,CA,10
475,Vladimir,Entissle,ventissled6@army.mil,Male,false,,false,WA,10
476,Jonis,Ellerman,jellermand7@smugmug.com,Female,false,,true,MD,19
477,Adda,Liversidge,aliversidged8@loc.gov,Female,true,9,true,MA,14
478,Noll,Gorry,ngorryd9@gov.uk,Male,true,,false,FL,15
479,Mick,Quantick,mquantickda@ameblo.jp,Male,false,10,false,OK,11
480,Donovan,Pancoust,dpancoustdb@java.com,Male,false,7,true,MO,7
481,Sergei,Moreinu,smoreinudc@ted.com,Male,true,10,true,CA,1
482,Ody,Boik,oboikdd@adobe.com,Male,false,1,false,NC,18
483,Clarice,Devon,cdevonde@washington.edu,Female,true,3,true,MD,19
484,Mariquilla,Kettlewell,mkettlewelldf@house.gov,Female,true,,true,CA,16
485,Latisha,Trorey,ltroreydg@cafepress.com,Female,false,5,false,PA,19
486,Prissie,Simunek,psimunekdh@amazon.co.uk,Female,false,10,false,AR,18
487,Edie,Copner,ecopnerdi@huffingtonpost.com,Female,false,,true,HI,8
488,Ninnetta,Macak,nmacakdj@squarespace.com,Female,true,7,false,OH,7
489,Perceval,Korting,pkortingdk@imageshack.us,Male,true,9,false,CT,2
490,Granny,Hamby,ghambydl@webeden.co.uk,Male,false,4,false,IN,6
491,Hurleigh,Semered,hsemereddm@cisco.com,Male,true,3,false,TX,15
492,Kayla,Robens,krobensdn@sfgate.com,Female,false,5,false,OH,6
493,Yale,Eyles,yeylesdo@mlb.com,Male,false,,true,CA,11
494,Diarmid,Cozzi,dcozzidp@rambler.ru,Male,false,9,false,VA,3
495,Rafaelia,Abrashkov,rabrashkovdq@4shared.com,Genderfluid,false,5,false,GA,18
496,Byron,Graalmans,bgraalmansdr@marriott.com,Polygender,true,9,false,NY,18
497,Carl,Shorten,cshortends@opera.com,Male,true,,false,TX,17
498,Thain,Hale,thaledt@diigo.com,Male,false,3,true,IA,14
499,Noellyn,O'Collopy,nocollopydu@samsung.com,Female,true,,true,OK,16
500,Joellen,Barthel,jbartheldv@elegantthemes.com,Female,true,4,true,TX,18
501,Orlando,Maffioni,omaffionidw@youtube.com,Male,false,1,false,TX,4
502,Darnall,Olman,dolmandx@pcworld.com,Male,true,,false,CA,9
503,Daveta,Morrel,dmorreldy@paypal.com,Female,false,2,false,AZ,13
504,Isis,Scurrell,iscurrelldz@privacy.gov.au,Female,false,6,false,NJ,13
505,Anna-maria,Astell,aastelle0@nyu.edu,Female,true,8,true,TX,11
506,Yale,Adds,yaddse1@cargocollective.com,Male,true,10,false,VA,4
507,Eva,Charley,echarleye2@fastcompany.com,Female,false,,false,CA,17
508,Neala,Morphew,nmorphewe3@gov.uk,Female,true,10,false,CA,12
509,Sadie,Plant,splante4@netscape.com,Female,false,3,false,FL,17
510,George,Tampling,gtamplinge5@t.co,Female,false,6,true,TX,7
511,Marsh,Greger,mgregere6@symantec.com,Male,true,10,true,NE,10
512,Reuben,Hartridge,rhartridgee7@hao123.com,Male,false,3,false,TN,20
513,Geralda,Dearell,gdearelle8@businessinsider.com,Female,true,5,false,PA,9
514,Shaun,Rothera,srotherae9@cloudflare.com,Male,true,,true,TX,9
515,Griswold,Dorking,gdorkingea@scientificamerican.com,Male,true,3,false,TN,2
516,Karry,Rosbottom,krosbottomeb@altervista.org,Female,false,,false,NC,14
517,Kalina,Dressel,kdresselec@china.com.cn,Female,true,3,true,SD,1
518,Andy,Raitie,araitieed@mayoclinic.com,Female,true,8,true,OH,2
519,Bunny,Waadenburg,bwaadenburgee@linkedin.com,Female,false,3,true,OK,1
520,Berte,Janak,bjanakef@usa.gov,Bigender,false,10,true,NY,12
521,Ettie,Yarrall,eyarralleg@seattletimes.com,Female,false,,true,MD,13
522,Corinne,Cater,ccatereh@cnbc.com,Female,false,,true,VA,2
523,Jarrid,Auckland,jaucklandei@hc360.com,Male,false,7,true,AL,6
524,Dario,Ginie,dginieej@yolasite.com,Male,true,1,false,TN,4
525,Gabbie,Becaris,gbecarisek@shinystat.com,Female,false,,false,AL,20
526,Tybalt,Roloff,troloffel@statcounter.com,Male,true,10,true,NY,2
527,Nev,Slowgrove,nslowgroveem@google.com.au,Male,false,3,true,TN,5
528,Noami,Brizland,nbrizlanden@mayoclinic.com,Female,false,3,true,CA,10
529,Robyn,Regan,rreganeo@ustream.tv,Female,true,3,false,TX,7
530,Alene,Dwine,adwineep@gov.uk,Female,true,1,false,TN,13
531,Alanah,Eddow,aeddoweq@diigo.com,Female,true,,false,PA,18
532,Paola,Goddard,pgoddarder@oaic.gov.au,Female,true,10,false,TX,2
533,Thaddus,Grishakov,tgrishakoves@oracle.com,Non-binary,false,10,false,NV,9
534,Lorie,Ambrosch,lambroschet@ucsd.edu,Female,true,8,false,AL,7
535,Sarena,Olivo,solivoeu@merriam-webster.com,Female,false,5,true,PA,14
536,Alexine,Ianniello,aiannielloev@discovery.com,Female,false,,false,NJ,12
537,Sol,Scrannage,sscrannageew@4shared.com,Male,false,9,false,NC,11
538,Brennan,Wipper,bwipperex@purevolume.com,Polygender,true,,true,DE,17
539,Archie,Haselden,ahaseldeney@miibeian.gov.cn,Male,true,7,false,UT,8
540,Erl,Wipper,ewipperez@yahoo.co.jp,Polygender,true,,true,NC,11
541,Asher,Trelease,atreleasef0@forbes.com,Male,true,8,false,TX,5
542,Griselda,Churchard,gchurchardf1@umn.edu,Female,true,2,false,FL,13
543,Tirrell,Simister,tsimisterf2@discuz.net,Male,false,2,true,PA,17
544,Lauri,Westbury,lwestburyf3@scientificamerican.com,Female,false,,true,NV,7
545,Ashia,Bernadot,abernadotf4@pagesperso-orange.fr,Female,true,6,false,AL,4
546,Teodoro,Lilburne,tlilburnef5@house.gov,Male,true,,false,AL,18
547,Humfrey,Ughelli,hughellif6@washingtonpost.com,Male,true,9,true,AZ,17
548,Delphinia,Smoth,dsmothf7@blog.com,Polygender,false,3,false,NY,15
549,Patton,Somers,psomersf8@alexa.com,Male,true,8,true,LA,14
550,Horatius,Meedendorpe,hmeedendorpef9@myspace.com,Male,true,2,false,LA,20
551,Sharona,Kyttor,skyttorfa@elegantthemes.com,Female,true,4,true,CA,17
552,Ephrayim,Thorold,ethoroldfb@1688.com,Male,false,6,true,LA,8
553,Gordan,Marvell,gmarvellfc@nbcnews.com,Male,true,4,true,FL,6
554,Maribelle,Strawbridge,mstrawbridgefd@washingtonpost.com,Agender,true,,false,IL,1
555,Elbert,Rixon,erixonfe@sohu.com,Male,true,10,true,OK,10
556,Berget,Cragg,bcraggff@simplemachines.org,Non-binary,false,3,false,NY,19
557,Devland,Lofts,dloftsfg@google.pl,Male,true,8,false,TX,15
558,Nealson,Heel,nheelfh@goo.gl,Male,false,4,true,UT,1
559,Connie,Gally,cgallyfi@state.tx.us,Male,true,5,true,CA,6
560,Evie,Laxen,elaxenfj@arizona.edu,Female,true,,true,GA,13
561,Grange,Townsley,gtownsleyfk@ask.com,Male,true,6,true,FL,9
562,Zaccaria,Mackneis,zmackneisfl@angelfire.com,Male,false,6,true,KY,13
563,Dahlia,Maber,dmaberfm@fastcompany.com,Female,true,,false,TX,14
564,Germaine,Lutsch,glutschfn@patch.com,Female,true,9,true,CA,8
565,Garrard,Terrett,gterrettfo@chron.com,Male,false,9,true,TX,15
566,Colette,Laetham,claethamfp@squarespace.com,Agender,false,5,false,NJ,18
567,Noland,Heller,nhellerfq@instagram.com,Male,false,9,true,NY,19
568,Kat,Stoyell,kstoyellfr@mozilla.com,Female,true,5,false,ID,4
569,Baudoin,Bissatt,bbissattfs@umich.edu,Male,false,9,true,DC,4
570,Mathias,Gaukroger,mgaukrogerft@163.com,Male,false,10,true,CA,16
571,Caleb,Warrender,cwarrenderfu@dot.gov,Male,false,7,true,FL,11
572,Harcourt,Sucre,hsucrefv@shutterfly.com,Male,true,9,true,UT,13
573,Aubrey,Ravelus,aravelusfw@dell.com,Male,true,,false,NV,9
574,Dev,Todari,dtodarifx@squidoo.com,Male,false,5,false,SC,15
575,Inger,Clears,iclearsfy@devhub.com,Male,false,1,false,CA,15
576,Breanne,McGeechan,bmcgeechanfz@jalbum.net,Female,true,7,true,LA,14
577,Gradey,Gover,ggoverg0@tumblr.com,Male,true,8,false,FL,5
578,Mata,Goodhew,mgoodhewg1@e-recht24.de,Male,true,8,false,CA,11
579,Dukie,Quinnell,dquinnellg2@youku.com,Male,false,4,false,IL,15
580,Randy,Mellenby,rmellenbyg3@cornell.edu,Female,true,,true,CA,13
581,Magdalene,Twaite,mtwaiteg4@icq.com,Female,true,,true,MI,16
582,Christine,Woof,cwoofg5@spotify.com,Female,true,1,false,AR,13
583,Alika,de Courcey,adecourceyg6@cnbc.com,Agender,false,6,true,TX,1
584,Philip,Peevor,ppeevorg7@sun.com,Male,true,7,false,UT,11
585,Marion,Sheringham,msheringhamg8@4shared.com,Male,false,,true,AR,17
586,Charil,Janes,cjanesg9@sourceforge.net,Female,false,3,true,CA,13
587,Jodee,Ghidetti,jghidettiga@pen.io,Female,true,4,true,FL,3
588,Reagan,O'Keaveny,rokeavenygb@admin.ch,Male,false,3,false,FL,1
589,Caterina,Elph,celphgc@hubpages.com,Female,true,9,false,NY,9
590,Jude,Ghiriardelli,jghiriardelligd@latimes.com,Male,false,,true,DC,11
591,Darcee,Billing,dbillingge@ucla.edu,Female,true,,true,AL,16
592,Karly,Simson,ksimsongf@cyberchimps.com,Female,false,1,false,AZ,20
593,Kalvin,Antowski,kantowskigg@scribd.com,Male,true,,true,KS,12
594,Jeremias,McGeachy,jmcgeachygh@un.org,Male,false,9,true,NC,18
595,Felicia,Moncreif,fmoncreifgi@adobe.com,Female,false,1,true,OH,6
596,Augustine,O'Halloran,aohallorangj@soup.io,Male,false,8,true,SC,13
597,Tracy,Glaves,tglavesgk@usda.gov,Female,true,4,true,TX,18
598,Asher,Rankling,aranklinggl@tumblr.com,Male,true,6,false,CT,5
599,Otes,Greves,ogrevesgm@friendfeed.com,Male,true,2,true,OH,17
600,Darby,Alves,dalvesgn@over-blog.com,Female,true,4,true,CA,2
601,Lotta,Beldham,lbeldhamgo@ustream.tv,Female,false,,false,DC,18
602,Alex,Rape,arapegp@berkeley.edu,Female,false,,false,FL,6
603,Clement,Huriche,churichegq@hp.com,Male,false,,false,TX,17
604,Bliss,Shutt,bshuttgr@myspace.com,Female,false,1,true,CO,8
605,Anatol,Robak,arobakgs@creativecommons.org,Male,true,8,true,CO,16
606,Chrissy,Huniwall,chuniwallgt@independent.co.uk,Female,true,1,true,NV,9
607,Avrom,Gatus,agatusgu@google.com.br,Male,true,,true,NY,10
608,Pren,Avramovsky,pavramovskygv@imgur.com,Male,true,,false,OH,12
609,Haroun,Cordeau],hcordeaugw@nature.com,Male,false,5,false,TX,13
610,Silvio,Wannop,swannopgx@rambler.ru,Male,false,8,true,CA,15
611,Stillmann,Essame,sessamegy@comsenz.com,Male,true,10,false,MD,9
612,Ignacius,Coppins,icoppinsgz@pbs.org,Male,true,4,true,AL,16
613,Shirlee,Beuscher,sbeuscherh0@blogger.com,Genderqueer,true,10,false,GA,13
614,Marshall,Biddell,mbiddellh1@telegraph.co.uk,Male,true,10,false,GA,1
615,Angel,Cockley,acockleyh2@yolasite.com,Polygender,true,,false,AL,12
616,Corinne,Andrioli,candriolih3@e-recht24.de,Female,true,8,true,PA,3
617,Jerad,Matusevich,jmatusevichh4@china.com.cn,Male,true,3,false,MD,18
618,Nissa,Bartrop,nbartroph5@marketwatch.com,Female,false,1,false,MA,4
619,Kayne,Emanulsson,kemanulssonh6@wikia.com,Male,false,,false,TX,17
620,Noby,Rossi,nrossih7@artisteer.com,Male,true,8,true,MN,10
621,Ado,Adnams,aadnamsh8@mayoclinic.com,Male,true,2,false,NY,2
622,Vinnie,Fritschel,vfritschelh9@japanpost.jp,Female,true,,false,LA,19
623,Wandie,Kellert,wkellertha@com.com,Female,true,4,true,WV,11
624,Curr,Pocklington,cpocklingtonhb@ihg.com,Male,false,,true,CA,13
625,Ely,Osselton,eosseltonhc@skyrock.com,Male,false,2,false,CA,10
626,Cyril,Powlett,cpowletthd@live.com,Male,false,7,true,MO,11
627,Livvy,Dutnall,ldutnallhe@flickr.com,Female,true,1,true,DC,10
628,Claretta,Akers,cakershf@state.gov,Female,false,5,false,NY,17
629,Jerrie,Boor,jboorhg@dion.ne.jp,Female,false,4,false,NY,6
630,Fedora,Brenard,fbrenardhh@yellowpages.com,Female,false,7,false,CA,17
631,Wyn,Maffei,wmaffeihi@xing.com,Male,true,2,true,TX,6
632,Dwayne,Keeltagh,dkeeltaghhj@hao123.com,Male,false,7,true,HI,7
633,Claybourne,Becaris,cbecarishk@altervista.org,Male,true,4,true,WV,3
634,Jeniece,Bradbeer,jbradbeerhl@unicef.org,Female,false,7,true,IL,10
635,Archer,Gomm,agommhm@hibu.com,Male,true,9,false,TX,17
636,Isaak,Breese,ibreesehn@google.es,Male,false,,true,DE,8
637,George,Grovier,ggrovierho@tripod.com,Female,false,4,false,MD,4
638,Arron,McNickle,amcnicklehp@behance.net,Agender,true,4,true,NC,13
639,Mata,Bilsland,mbilslandhq@state.gov,Male,true,10,false,CA,18
640,Fredericka,Pfaffe,fpfaffehr@quantcast.com,Polygender,false,1,true,PA,12
641,Maurits,Willcock,mwillcockhs@adobe.com,Male,true,4,true,IA,6
642,Hermon,Parkey,hparkeyht@go.com,Male,true,3,false,AL,15
643,Skye,Paik,spaikhu@indiatimes.com,Male,false,3,true,MI,5
644,Leeann,Northin,lnorthinhv@dailymail.co.uk,Female,true,10,true,PA,2
645,Ekaterina,Volcker,evolckerhw@latimes.com,Female,true,8,true,MN,13
646,Doloritas,Jurgensen,djurgensenhx@wsj.com,Non-binary,false,9,false,CA,3
647,Melloney,Soares,msoareshy@sfgate.com,Female,false,8,true,FL,9
648,Darcey,McGaughie,dmcgaughiehz@tripadvisor.com,Female,true,3,true,UT,13
649,Otes,Bateman,obatemani0@epa.gov,Male,true,9,false,CA,5
650,Dianna,Dewett,ddewetti1@prlog.org,Bigender,false,3,false,MI,10
651,Carree,Garretts,cgarrettsi2@bloomberg.com,Female,false,1,false,MI,4
652,Tanney,Atwill,tatwilli3@vk.com,Male,true,4,true,NY,3
653,Myra,Peacop,mpeacopi4@1688.com,Female,false,8,true,CA,18
654,Dexter,Alden,daldeni5@xinhuanet.com,Male,false,2,false,MN,4
655,Denis,Pizzie,dpizziei6@google.com.au,Male,false,1,true,TN,4
656,Fiorenze,Finnes,ffinnesi7@tinypic.com,Female,false,9,true,TX,12
657,Ki,O'Lagen,kolageni8@bluehost.com,Female,false,8,true,MI,8
658,Roberta,Wareing,rwareingi9@chron.com,Female,false,1,false,SC,10
659,Starr,Josefsson,sjosefssonia@wikipedia.org,Female,true,7,false,TX,10
660,Mylo,Curteis,mcurteisib@yellowbook.com,Male,false,1,true,MI,14
661,Rosie,Bruce,rbruceic@theguardian.com,Female,true,9,true,AZ,20
662,Tiffie,Snel,tsnelid@bravesites.com,Female,false,,false,OH,15
663,Siegfried,Bellchamber,sbellchamberie@wordpress.com,Male,true,,true,AZ,20
664,Hamlin,Gowrich,hgowrichif@engadget.com,Male,true,10,true,LA,7
665,Jelene,Dumphy,jdumphyig@cam.ac.uk,Female,false,,false,NJ,14
666,Suzann,Muzzillo,smuzzilloih@yellowpages.com,Female,false,6,true,MA,15
667,Cassie,McKeon,cmckeonii@spotify.com,Agender,true,2,false,FL,16
668,Giacopo,Ragge,graggeij@washington.edu,Male,true,2,true,PA,17
669,Neala,Woodcraft,nwoodcraftik@statcounter.com,Female,false,10,false,VA,14
670,Margit,Durand,mdurandil@usgs.gov,Female,true,4,true,TX,8
671,Marlin,Skirrow,mskirrowim@state.tx.us,Male,true,5,true,TX,11
672,Honey,Keddey,hkeddeyin@clickbank.net,Female,false,10,false,NC,18
673,Lizzy,Ionn,lionnio@acquirethisname.com,Female,false,2,false,CO,12
674,Roseline,Wermerling,rwermerlingip@usnews.com,Female,true,10,true,CT,8
675,Cordie,Bridgen,cbridgeniq@scientificamerican.com,Male,false,,false,CT,11
676,Vanny,Outram,voutramir@state.tx.us,Female,false,7,true,MT,11
677,Cassy,Schott,cschottis@posterous.com,Female,false,1,true,TX,3
678,Raynard,Alvarado,ralvaradoit@mozilla.org,Male,true,,false,HI,14
679,Jess,Heiton,jheitoniu@google.de,Female,true,4,false,TX,19
680,Ali,Lemmers,alemmersiv@google.ca,Female,true,2,false,PA,7
681,Nessa,McReynold,nmcreynoldiw@slate.com,Female,true,5,true,AL,5
682,Jaclyn,Capstick,jcapstickix@paginegialle.it,Female,true,,false,GA,2
683,Mindy,Jevons,mjevonsiy@taobao.com,Female,false,8,false,TX,9
684,Aluino,Kowal,akowaliz@who.int,Agender,true,,false,TX,12
685,Charis,Rosenfeld,crosenfeldj0@zimbio.com,Female,true,9,false,TN,20
686,Alicia,Cadwell,acadwellj1@cmu.edu,Female,true,7,false,CA,9
687,Joseito,Gellier,jgellierj2@hexun.com,Male,true,6,false,NM,16
688,Mattheus,Krauze,mkrauzej3@irs.gov,Male,true,2,true,IL,12
689,Pattin,McKinie,pmckiniej4@bluehost.com,Male,true,5,false,VA,16
690,Jenni,Pawlaczyk,jpawlaczykj5@nytimes.com,Female,false,3,false,CA,10
691,Reinaldos,Cearley,rcearleyj6@rediff.com,Male,true,9,false,TX,9
692,Orton,Papez,opapezj7@last.fm,Polygender,false,2,false,VA,15
693,Elliott,Bartkowiak,ebartkowiakj8@census.gov,Male,true,6,false,CA,5
694,Ludwig,Lehrle,llehrlej9@constantcontact.com,Male,false,1,true,OR,15
695,Keri,McTerry,kmcterryja@meetup.com,Female,false,6,false,DC,7
696,Koren,Eastman,keastmanjb@walmart.com,Female,false,8,true,NY,20
697,Rozele,Eick,reickjc@skype.com,Bigender,false,2,true,FL,18
698,Eugene,Code,ecodejd@diigo.com,Male,false,,true,TX,5
699,Raffaello,Barhems,rbarhemsje@behance.net,Male,true,2,true,VA,11
700,Felice,Harce,fharcejf@redcross.org,Female,true,9,false,TN,12
701,Clarey,Moynihan,cmoynihanjg@loc.gov,Female,true,1,false,MS,11
702,Thoma,Everist,teveristjh@mapy.cz,Male,false,2,true,CA,6
703,Nanete,McAirt,nmcairtji@umich.edu,Female,false,8,true,AZ,1
704,Mikaela,Saffran,msaffranjj@360.cn,Female,true,8,true,CA,3
705,Terrill,Iglesia,tiglesiajk@squarespace.com,Male,false,10,true,GA,5
706,Patrizius,Ions,pionsjl@bbb.org,Male,false,5,false,CO,11
707,Sharla,Gethin,sgethinjm@guardian.co.uk,Female,false,,false,GA,13
708,Cy,Waberer,cwabererjn@about.me,Male,true,6,true,AL,5
709,Gav,Lapere,glaperejo@google.co.uk,Male,false,,false,CA,20
710,Mariejeanne,Edie,mediejp@about.com,Female,false,7,false,OR,11
711,Germaine,Kemshell,gkemshelljq@whitehouse.gov,Male,false,5,false,WV,8
712,Lenette,Pelman,lpelmanjr@gizmodo.com,Female,true,,true,WA,20
713,Micky,Fulcher,mfulcherjs@hc360.com,Male,false,1,true,IA,6
714,Lonny,Harewood,lharewoodjt@com.com,Male,false,,true,TX,17
715,Enrica,Churches,echurchesju@earthlink.net,Female,false,7,true,DE,19
716,Ancell,Koschke,akoschkejv@gravatar.com,Male,true,4,true,FL,15
717,Emanuel,Joules,ejoulesjw@nydailynews.com,Male,false,7,true,AL,10
718,Trefor,D'Onise,tdonisejx@tuttocitta.it,Male,false,5,true,DC,18
719,Frasquito,Pettersen,fpettersenjy@addthis.com,Male,true,5,true,NJ,5
720,Agace,Leadstone,aleadstonejz@berkeley.edu,Female,true,2,false,MO,17
721,Darbee,Silly,dsillyk0@goo.gl,Male,true,,true,CA,4
722,Adan,McNelly,amcnellyk1@hibu.com,Male,false,10,true,FL,13
723,Dani,Annes,dannesk2@sitemeter.com,Male,true,,true,CA,2
724,Joseito,Duesberry,jduesberryk3@discovery.com,Male,false,,true,KS,16
725,Launce,Barbrick,lbarbrickk4@who.int,Male,false,4,false,OR,9
726,Atlanta,Andrelli,aandrellik5@cmu.edu,Female,false,,false,DC,16
727,Anders,Draco,adracok6@examiner.com,Male,false,1,true,TX,20
728,Murdock,Southam,msouthamk7@printfriendly.com,Male,true,1,true,NM,14
729,Virginia,Doret,vdoretk8@sbwire.com,Female,true,9,true,MS,17
730,Corrina,Carrack,ccarrackk9@altervista.org,Female,true,7,true,TX,3
731,Aili,St. Quintin,astquintinka@chron.com,Female,false,8,true,MO,10
732,Madlen,Southworth,msouthworthkb@wikia.com,Female,false,4,true,OK,16
733,Danell,Leithgoe,dleithgoekc@paginegialle.it,Agender,true,10,false,CA,19
734,Jedidiah,Kidd,jkiddkd@google.co.jp,Male,false,1,true,CA,14
735,Mahala,Burman,mburmanke@creativecommons.org,Female,true,8,false,TX,17
736,Goldina,Coonihan,gcoonihankf@google.fr,Female,false,5,true,AK,11
737,Aurlie,Physic,aphysickg@cbslocal.com,Female,true,,false,AZ,7
738,Claudell,Pettegre,cpettegrekh@spotify.com,Male,false,7,true,MI,12
739,Nanon,Largan,nlarganki@fema.gov,Female,true,,true,PA,13
740,Jens,Eskriett,jeskriettkj@cmu.edu,Male,true,1,false,KY,12
741,Hendrick,Sinkings,hsinkingskk@reuters.com,Non-binary,true,3,true,CA,4
742,Arlana,Snelman,asnelmankl@wufoo.com,Female,false,4,true,VA,10
743,Maximilian,Gidden,mgiddenkm@google.com.hk,Male,false,2,true,CA,13
744,Gustie,Corradetti,gcorradettikn@answers.com,Female,false,7,false,CO,3
745,Beryl,Zmitrovich,bzmitrovichko@mediafire.com,Female,true,5,false,NY,18
746,Olly,Swanwick,oswanwickkp@salon.com,Female,true,,false,TX,9
747,Vitoria,Pic,vpickq@xing.com,Female,true,8,true,GA,1
748,Frannie,Terry,fterrykr@bravesites.com,Male,false,5,false,IA,1
749,Desmond,Chellingworth,dchellingworthks@nbcnews.com,Male,true,4,true,VA,18
750,Terrijo,Dolton,tdoltonkt@privacy.gov.au,Female,true,4,false,CA,1
751,Riane,Varvell,rvarvellku@biglobe.ne.jp,Female,false,9,true,FL,1
752,Bennett,Grane,bgranekv@studiopress.com,Male,false,10,false,KS,13
753,Kirbee,Hark,kharkkw@sitemeter.com,Female,false,2,true,GA,10
754,Dean,Jakobsson,djakobssonkx@1und1.de,Male,false,1,true,OH,3
755,Brock,Seacroft,bseacroftky@hp.com,Male,false,,true,DC,17
756,Korella,Blaiklock,kblaiklockkz@unesco.org,Female,false,10,true,AK,3
757,Renard,Delooze,rdeloozel0@pagesperso-orange.fr,Male,false,6,true,NC,2
758,Hope,Dunphy,hdunphyl1@aol.com,Female,false,,true,AK,10
759,Barron,Eglese,beglesel2@t-online.de,Male,false,6,false,OH,18
760,Verney,Andreacci,vandreaccil3@boston.com,Male,true,3,true,OR,1
761,Brina,Chatt,bchattl4@networksolutions.com,Female,true,6,true,CA,14
762,Clywd,Appleford,capplefordl5@freewebs.com,Male,false,1,true,OK,12
763,Carolina,Verbrugghen,cverbrugghenl6@ca.gov,Female,true,7,true,CT,14
764,Jennine,Teodorski,jteodorskil7@shop-pro.jp,Female,false,,false,AL,10
765,Jayme,Craise,jcraisel8@google.com.hk,Male,false,2,false,FL,7
766,Donalt,Kalderon,dkalderonl9@vkontakte.ru,Male,true,3,true,KY,20
767,Kay,Denziloe,kdenziloela@ifeng.com,Female,true,10,false,TX,16
768,Morris,Coker,mcokerlb@apache.org,Male,true,,true,MN,13
769,Gearard,Mansuer,gmansuerlc@liveinternet.ru,Male,true,2,false,TX,11
770,Betta,Henstone,bhenstoneld@smugmug.com,Female,false,6,false,TX,17
771,Brandy,Yarnell,byarnellle@aol.com,Male,false,1,false,TX,5
772,Sheeree,Fowlie,sfowlielf@imageshack.us,Female,false,5,true,IL,16
773,Randa,Winborn,rwinbornlg@spotify.com,Female,true,,true,NV,6
774,Frank,Falcus,ffalcuslh@unblog.fr,Male,true,9,false,CA,9
775,Stafani,Coolbear,scoolbearli@i2i.jp,Female,true,3,true,OH,16
776,Andee,McMorran,amcmorranlj@linkedin.com,Female,false,4,true,MD,2
777,Lyon,Norkutt,lnorkuttlk@slate.com,Male,true,10,true,IA,18
778,Aubert,Cullin,acullinll@statcounter.com,Male,false,10,true,LA,6
779,Lorens,Savaage,lsavaagelm@chron.com,Male,false,5,false,CA,7
780,Feodor,Dilston,fdilstonln@techcrunch.com,Male,false,4,false,NY,6
781,Genevieve,Gartside,ggartsidelo@jiathis.com,Non-binary,true,6,false,LA,15
782,Shaun,Elverstone,selverstonelp@ucoz.ru,Female,true,2,true,VA,10
783,Brittany,Denerley,bdenerleylq@gnu.org,Female,false,,true,VA,12
784,Maximilien,Dubock,mdubocklr@cnn.com,Male,false,1,true,IL,2
785,Danila,Offell,doffellls@creativecommons.org,Female,false,8,false,OH,19
786,Ly,Nobes,lnobeslt@marriott.com,Male,true,9,true,KY,1
787,Lindie,Rudham,lrudhamlu@yellowbook.com,Female,false,9,true,TX,17
788,Hill,Cuerda,hcuerdalv@springer.com,Male,false,3,false,WV,8
789,Debora,Gamell,dgamelllw@admin.ch,Female,false,,true,VA,4
790,Alexandro,Swinfen,aswinfenlx@gnu.org,Male,false,5,false,TX,15
791,Elnore,Comi,ecomily@chronoengine.com,Female,true,4,true,MI,5
792,Feodora,Dudding,fduddinglz@ibm.com,Female,true,4,false,CA,13
793,Sharai,Toms,stomsm0@deliciousdays.com,Female,false,10,false,CA,10
794,Isidore,Lattimer,ilattimerm1@dagondesign.com,Male,false,5,false,OH,18
795,Sharai,Smallacombe,ssmallacombem2@cbsnews.com,Female,false,3,true,KS,20
796,Fergus,Belfrage,fbelfragem3@ovh.net,Male,true,2,false,CA,1
797,Lauri,Purkins,lpurkinsm4@tumblr.com,Female,true,8,false,WY,7
798,Daloris,Altamirano,daltamiranom5@thetimes.co.uk,Female,false,6,false,TX,7
799,Roman,Clague,rclaguem6@pinterest.com,Male,false,7,true,IN,11
800,Norina,McCague,nmccaguem7@1und1.de,Female,true,5,false,TX,20
801,Arvin,Frean,afreanm8@webeden.co.uk,Male,true,4,true,CA,12
802,Monika,Lawry,mlawrym9@ning.com,Female,true,4,true,NY,20
803,Montgomery,Prosch,mproschma@google.com.au,Male,true,,true,AL,9
804,Augusta,Coan,acoanmb@who.int,Female,true,1,true,OH,11
805,Corena,Quadrio,cquadriomc@adobe.com,Female,false,6,false,AZ,14
806,Stevie,Hinnerk,shinnerkmd@cnbc.com,Male,true,,false,TX,19
807,Yuma,Hartop,yhartopme@github.com,Male,false,1,false,CA,4
808,Marje,Spileman,mspilemanmf@miitbeian.gov.cn,Female,false,5,true,OH,7
809,Collin,Lintott,clintottmg@fc2.com,Male,false,,true,TX,15
810,Ulrich,Ccomini,uccominimh@vistaprint.com,Male,true,9,true,IL,9
811,Galvin,Macourek,gmacourekmi@ucoz.com,Male,true,7,true,VA,15
812,Dicky,Roseborough,droseboroughmj@hhs.gov,Male,true,7,false,GA,8
813,Pascale,Mannion,pmannionmk@samsung.com,Male,false,1,false,VA,20
814,Arnaldo,Joscelin,ajoscelinml@cnet.com,Male,true,,true,AZ,15
815,Xaviera,Anstee,xansteemm@friendfeed.com,Female,false,,false,LA,18
816,Marlo,Buard,mbuardmn@sitemeter.com,Female,false,1,true,TN,12
817,Fae,Levens,flevensmo@archive.org,Female,false,8,false,TN,16
818,Hobard,Dowson,hdowsonmp@latimes.com,Male,true,4,true,IN,16
819,Magdalene,Aynold,maynoldmq@abc.net.au,Female,false,,true,TX,8
820,Xylina,Lockyer,xlockyermr@arstechnica.com,Female,true,1,false,NY,3
821,Elli,Prodrick,eprodrickms@washington.edu,Female,true,,false,KS,20
822,Zulema,McVeagh,zmcveaghmt@mapquest.com,Female,false,1,true,LA,16
823,Blakelee,Shipston,bshipstonmu@ucsd.edu,Female,true,8,true,MI,10
824,Alanah,Geill,ageillmv@umn.edu,Female,true,4,true,DC,10
825,Egon,Evreux,eevreuxmw@amazon.de,Male,true,9,true,TX,8
826,Alanna,McAllaster,amcallastermx@europa.eu,Female,false,1,false,MD,16
827,Carin,Mattisson,cmattissonmy@elegantthemes.com,Female,false,9,false,NY,16
828,Lisle,Matskiv,lmatskivmz@drupal.org,Non-binary,true,,true,WI,2
829,Yank,Blei,yblein0@thetimes.co.uk,Male,true,,false,TN,14
830,Fabio,Josselson,fjosselsonn1@youku.com,Male,false,,true,FL,7
831,Frederic,Pratte,fpratten2@army.mil,Male,true,7,false,FL,9
832,Janel,Silbermann,jsilbermannn3@webmd.com,Non-binary,true,7,true,OH,14
833,Joshia,Edwick,jedwickn4@jiathis.com,Male,false,9,false,TX,1
834,Rozamond,Vouls,rvoulsn5@wufoo.com,Female,false,,true,NJ,18
835,Ker,Skelington,kskelingtonn6@uol.com.br,Male,false,9,true,TX,12
836,Alfy,Petrushanko,apetrushankon7@bloglovin.com,Female,true,3,true,OH,2
837,Wandie,Boggish,wboggishn8@slashdot.org,Female,true,9,true,OH,8
838,Shanta,Maddison,smaddisonn9@myspace.com,Female,true,10,true,UT,15
839,Harriot,Alvarado,halvaradona@globo.com,Female,true,9,true,TX,20
840,Edwin,Tournie,etournienb@seattletimes.com,Agender,false,5,true,CT,11
841,Sylas,Bidewel,sbidewelnc@opera.com,Bigender,true,,false,VA,16
842,Sybilla,Campelli,scampellind@odnoklassniki.ru,Female,false,3,true,AL,6
843,Sydney,Fenna,sfennane@godaddy.com,Male,false,8,false,IL,7
844,Malina,Patrick,mpatricknf@blogs.com,Female,true,9,true,NY,5
845,Lin,MacKaig,lmackaigng@creativecommons.org,Female,true,1,false,VA,20
846,Lukas,McLise,lmclisenh@bigcartel.com,Male,false,1,false,IL,20
847,Jan,Orchard,jorchardni@webeden.co.uk,Male,true,7,true,PA,19
848,Kenn,Sharkey,ksharkeynj@msu.edu,Male,true,6,false,NV,15
849,Hartley,Dainty,hdaintynk@walmart.com,Male,true,2,true,CA,15
850,Skipton,Saphin,ssaphinnl@google.pl,Male,false,9,true,MO,3
851,Lemmie,Duffree,lduffreenm@upenn.edu,Male,true,10,true,IL,1
852,Claudia,Dekeyser,cdekeysernn@cisco.com,Female,true,6,false,MO,4
853,Susannah,Stelfax,sstelfaxno@earthlink.net,Female,true,,false,GA,14
854,Shelley,Soppitt,ssoppittnp@webs.com,Female,true,7,true,WA,19
855,Standford,Clues,scluesnq@japanpost.jp,Male,false,6,false,MA,8
856,Dimitry,Logesdale,dlogesdalenr@mashable.com,Male,true,9,false,FL,2
857,Bessie,Wycliff,bwycliffns@techcrunch.com,Female,false,1,false,FL,14
858,Elias,Simmonett,esimmonettnt@yale.edu,Male,false,8,true,NY,6
859,Gerhardt,Vynoll,gvynollnu@state.tx.us,Male,false,,true,MN,11
860,Welsh,Brockett,wbrockettnv@bloomberg.com,Male,true,10,false,FL,17
861,Amie,Leile,aleilenw@hibu.com,Female,true,10,false,AL,19
862,Kris,Swalough,kswaloughnx@reverbnation.com,Male,false,2,true,FL,9
863,Fayre,Heers,fheersny@wiley.com,Female,true,5,false,IL,15
864,Annabal,Botterman,abottermannz@walmart.com,Female,true,,false,CA,9
865,Morganne,Paddon,mpaddono0@jugem.jp,Female,false,4,true,GA,12
866,Paten,Lindwasser,plindwassero1@youtube.com,Male,false,4,true,MO,19
867,Lucine,Fairley,lfairleyo2@sakura.ne.jp,Female,false,9,false,AL,10
868,Ephrayim,Pfertner,epfertnero3@cyberchimps.com,Male,false,6,true,FL,10
869,Caitlin,Bingell,cbingello4@ihg.com,Female,false,6,true,CA,8
870,Pepe,Besemer,pbesemero5@wikimedia.org,Male,true,,true,IL,1
871,Debor,Toffetto,dtoffettoo6@spiegel.de,Female,false,8,false,TN,7
872,Jeanine,Mullins,jmullinso7@cbsnews.com,Female,true,4,true,GA,3
873,Napoleon,Lesmonde,nlesmondeo8@dot.gov,Agender,true,4,false,LA,16
874,Shelli,Binding,sbindingo9@privacy.gov.au,Female,true,2,true,CA,14
875,Worthington,Clousley,wclousleyoa@storify.com,Male,true,3,true,IA,2
876,Hannis,Le Pine,hlepineob@dmoz.org,Female,false,,true,ID,5
877,Ham,Oakenford,hoakenfordoc@msu.edu,Male,true,5,false,LA,1
878,Josh,Ausher,jausherod@devhub.com,Male,false,5,false,CO,19
879,Jerri,Birchwood,jbirchwoodoe@marketwatch.com,Genderqueer,true,4,true,TX,14
880,Madelene,Goulston,mgoulstonof@nasa.gov,Female,true,1,true,TX,18
881,Taddeo,Kornilov,tkornilovog@mapquest.com,Male,true,10,false,CA,17
882,Arabele,Swaile,aswaileoh@aboutads.info,Female,true,4,false,FL,2
883,Nonie,Siviour,nsiviouroi@mozilla.org,Female,false,,false,TX,11
884,Jaimie,Biddles,jbiddlesoj@trellian.com,Female,false,,false,SD,10
885,Rusty,Parrington,rparringtonok@ucoz.com,Male,true,7,false,CO,12
886,Torry,Perton,tpertonol@economist.com,Male,false,10,false,OH,11
887,Rubia,Harber,rharberom@unicef.org,Female,true,7,true,AZ,20
888,Alexa,Sutheran,asutheranon@pcworld.com,Female,true,2,true,FL,7
889,Gard,Theakston,gtheakstonoo@domainmarket.com,Male,false,8,false,TX,4
890,Edwin,Pettit,epettitop@ed.gov,Male,true,7,true,FL,3
891,Kamilah,Bolesma,kbolesmaoq@cmu.edu,Female,false,,false,CA,6
892,Sadie,Minshaw,sminshawor@google.com,Female,true,10,false,NC,13
893,Darrin,Vondrach,dvondrachos@dropbox.com,Male,false,4,true,NV,17
894,Starr,Rosengarten,srosengartenot@issuu.com,Female,false,6,false,AK,18
895,Ly,Hele,lheleou@ucla.edu,Male,false,2,false,NJ,15
896,Doralyn,Thorley,dthorleyov@who.int,Female,true,7,false,VA,16
897,Veda,Roff,vroffow@moonfruit.com,Female,true,3,false,SD,14
898,Monique,Miklem,mmiklemox@answers.com,Female,false,,true,IN,10
899,Leicester,Staff,lstaffoy@netlog.com,Male,false,6,false,FL,1
900,Darrick,Castangia,dcastangiaoz@creativecommons.org,Male,true,2,false,CA,5
901,Nevin,Barkaway,nbarkawayp0@simplemachines.org,Male,true,9,false,CO,18
902,Melva,Birkenshaw,mbirkenshawp1@statcounter.com,Female,true,5,true,AK,15
903,Thomas,Mattingson,tmattingsonp2@ebay.com,Male,true,,false,PA,17
904,Saloma,Slowgrave,sslowgravep3@stumbleupon.com,Female,true,9,true,NE,1
905,Frank,Spatarul,fspatarulp4@prlog.org,Genderfluid,true,6,true,IA,2
906,Loreen,Froment,lfromentp5@acquirethisname.com,Genderqueer,false,5,true,GA,15
907,Jilleen,Wildbore,jwildborep6@last.fm,Female,true,2,true,KS,4
908,Johny,Wegener,jwegenerp7@cdc.gov,Genderqueer,true,6,false,PA,2
909,Margret,Exrol,mexrolp8@linkedin.com,Female,true,1,true,TX,11
910,Patrizia,Shutte,pshuttep9@microsoft.com,Female,false,5,false,PA,11
911,Honey,Blacker,hblackerpa@sbwire.com,Female,true,7,false,MN,11
912,Elladine,Jeanon,ejeanonpb@wikia.com,Female,true,8,false,CT,5
913,Abner,Oboy,aoboypc@drupal.org,Male,true,1,true,FL,8
914,Yelena,Osgordby,yosgordbypd@businessinsider.com,Female,true,8,true,WA,14
915,Anjanette,Gawthrope,agawthropepe@youtube.com,Female,false,8,false,KS,2
916,Celene,Brundle,cbrundlepf@cdc.gov,Female,true,2,false,OH,16
917,Jess,Poli,jpolipg@google.cn,Female,true,2,false,IN,15
918,Ag,Rumens,arumensph@wix.com,Female,false,3,false,TX,6
919,Maurie,Easthope,measthopepi@storify.com,Male,true,9,true,VA,4
920,Salmon,Rathbourne,srathbournepj@wix.com,Male,false,5,true,LA,3
921,Philippa,Stefi,pstefipk@jimdo.com,Female,true,2,true,MN,19
922,Bamby,Chinge,bchingepl@ask.com,Female,true,3,true,VA,8
923,Irma,Cockrell,icockrellpm@bandcamp.com,Female,true,7,true,NC,6
924,Phillis,Cartner,pcartnerpn@walmart.com,Non-binary,true,2,true,ID,10
925,Celka,Siggs,csiggspo@howstuffworks.com,Female,true,9,true,VA,13
926,Henry,Tindley,htindleypp@cloudflare.com,Male,false,5,true,FL,5
927,Maurizia,Cescoti,mcescotipq@howstuffworks.com,Female,true,3,true,FL,18
928,Alon,Maywood,amaywoodpr@wufoo.com,Male,true,9,false,WY,9
929,Grannie,Monget,gmongetps@1688.com,Genderqueer,true,3,false,MA,16
930,Homerus,Gheorghe,hgheorghept@dot.gov,Male,true,10,true,NV,9
931,Mariquilla,Camerana,mcameranapu@nytimes.com,Female,false,1,true,DC,14
932,Alvin,Sowte,asowtepv@blogspot.com,Male,true,2,true,IN,19
933,Myrtia,Raittie,mraittiepw@unicef.org,Female,true,10,false,NC,16
934,Kacy,Errigo,kerrigopx@dot.gov,Female,false,8,true,VA,1
935,Kipp,Tayspell,ktayspellpy@apple.com,Female,false,6,true,AL,1
936,Penny,Knight,pknightpz@storify.com,Female,false,,false,NC,12
937,Cordelie,Getsham,cgetshamq0@printfriendly.com,Female,false,,false,AZ,6
938,Gill,Allawy,gallawyq1@blog.com,Female,true,10,true,NM,11
939,Nelle,Ashurst,nashurstq2@pbs.org,Female,true,,true,MI,12
940,Esdras,Fattorini,efattoriniq3@amazon.de,Male,true,,false,IL,14
941,Alasteir,Rappa,arappaq4@opensource.org,Male,true,5,true,NY,15
942,Der,Meynell,dmeynellq5@so-net.ne.jp,Male,true,,true,FL,8
943,Gerrard,Harlow,gharlowq6@indiegogo.com,Male,false,4,false,CA,19
944,Ardra,Raffeorty,araffeortyq7@example.com,Female,true,6,false,AL,19
945,Amil,Williamson,awilliamsonq8@usa.gov,Female,true,9,true,CA,15
946,Christan,Hannum,channumq9@hostgator.com,Female,true,9,true,FL,5
947,Leonanie,D'Cruze,ldcruzeqa@unicef.org,Female,false,2,false,TX,2
948,Rea,Streak,rstreakqb@moonfruit.com,Female,true,2,true,OH,3
949,Leola,Holdforth,lholdforthqc@bloomberg.com,Female,true,8,false,FL,6
950,Hedvige,Mcimmie,hmcimmieqd@columbia.edu,Female,false,5,false,CA,9
951,Morissa,Cosham,mcoshamqe@google.cn,Female,false,6,false,NV,12
952,Selena,Venner,svennerqf@answers.com,Female,true,2,true,DE,9
953,Amaleta,Gierardi,agierardiqg@fc2.com,Female,false,1,true,FL,3
954,Shirleen,Lovat,slovatqh@mapquest.com,Female,true,10,true,MI,20
955,Edith,Jone,ejoneqi@ebay.com,Female,false,7,true,CA,20
956,Reina,Caraher,rcaraherqj@slideshare.net,Female,true,1,false,WV,6
957,Sven,Grimsdith,sgrimsdithqk@ihg.com,Non-binary,false,6,false,CA,7
958,Langsdon,Bompass,lbompassql@histats.com,Male,false,1,true,TX,20
959,Anya,Arkell,aarkellqm@noaa.gov,Female,true,6,true,TX,7
960,Sigismundo,Sisse,ssisseqn@tamu.edu,Male,true,,false,AZ,18
961,Dionisio,Bowerman,dbowermanqo@hp.com,Male,false,7,true,FL,5
962,Amble,Piggott,apiggottqp@flavors.me,Male,false,3,false,CO,10
963,Jeanine,Milier,jmilierqq@163.com,Female,true,8,true,CA,6
964,Gradeigh,Moran,gmoranqr@webeden.co.uk,Non-binary,true,6,false,MN,3
965,Jeremy,Brachell,jbrachellqs@yellowpages.com,Male,false,5,true,FL,19
966,Shurlocke,Cowhig,scowhigqt@go.com,Male,false,9,true,TX,13
967,Franz,Milkins,fmilkinsqu@sphinn.com,Male,true,2,true,OK,16
968,Wheeler,Lansley,wlansleyqv@amazon.com,Male,false,7,false,MI,18
969,Brunhilda,Joffe,bjoffeqw@businesswire.com,Female,false,9,true,MI,2
970,Fredric,Syncke,fsynckeqx@delicious.com,Male,true,,true,CA,17
971,Georgetta,MacAnelley,gmacanelleyqy@domainmarket.com,Female,false,8,false,SC,14
972,Raviv,Westby,rwestbyqz@mit.edu,Male,false,5,true,PA,13
973,Trudi,Houston,thoustonr0@huffingtonpost.com,Genderfluid,false,2,true,MA,19
974,Oralie,Villiers,ovilliersr1@businessweek.com,Female,false,2,false,NC,7
975,Town,Maryott,tmaryottr2@ehow.com,Male,true,3,true,IN,5
976,Clemmy,Brennen,cbrennenr3@dedecms.com,Female,false,1,true,MI,12
977,Jaimie,McMorland,jmcmorlandr4@elpais.com,Female,false,1,true,TX,17
978,Mariana,Rist,mristr5@usatoday.com,Female,false,5,true,CO,18
979,Bartlett,Raff,braffr6@lulu.com,Male,true,10,true,NY,16
980,Ethe,Petruska,epetruskar7@sphinn.com,Male,false,3,false,GA,2
981,Ozzy,Pryke,opryker8@phoca.cz,Male,false,1,true,TX,15
982,Ami,Tipping,atippingr9@oakley.com,Female,false,9,false,IL,15
983,Dania,Duddy,dduddyra@ihg.com,Female,false,8,false,DC,10
984,Cristi,Assard,cassardrb@seattletimes.com,Female,false,10,true,NY,19
985,Ursala,Sollom,usollomrc@hubpages.com,Polygender,false,1,true,TX,20
986,Valera,Janny,vjannyrd@a8.net,Female,false,10,true,TX,14
987,Lissy,Degoe,ldegoere@wikipedia.org,Female,false,7,false,CO,20
988,Clarance,Haeslier,chaeslierrf@dell.com,Male,false,2,false,TX,13
989,Brad,O'Fallon,bofallonrg@princeton.edu,Male,false,1,false,MA,4
990,Salvatore,Ganny,sgannyrh@posterous.com,Male,false,,true,MD,18
991,Dare,Mozzi,dmozziri@parallels.com,Male,false,,false,TX,3
992,Cosette,Stedman,cstedmanrj@squarespace.com,Female,true,,true,TX,10
993,Gothart,Allender,gallenderrk@amazon.co.uk,Male,true,10,true,CA,8
994,Jacques,Fleeman,jfleemanrl@sciencedaily.com,Male,true,2,true,AL,5
995,Byran,Low,blowrm@vkontakte.ru,Male,true,,true,IA,19
996,Piotr,Broom,pbroomrn@theatlantic.com,Male,true,1,true,OH,6
997,Lina,McTerlagh,lmcterlaghro@marriott.com,Genderqueer,true,,false,TX,3
998,Sybilla,Tandy,standyrp@bluehost.com,Female,true,,false,CA,18
999,Giff,Schwanden,gschwandenrq@tinypic.com,Male,false,1,true,OR,18
1000,Kellyann,Labusch,klabuschrr@creativecommons.org,Bigender,true,,false,FL,12
